parameter_name,category,sub-model,python_source_file,python_mother_class,python_child_classes,pipeline,rule_class,C0_and_C1_rule_type,C0_and_C1_formula,should be consistent with,additional notes
enddls,time,na,human_activity,AnthropogenicEmissions,AnthropogenicEmissions,B; C/Pydantic,C1; C2,range,"[1,366]",,
startdls,time,na,human_activity,AnthropogenicEmissions,AnthropogenicEmissions,B; C/Pydantic,C1; C2,range,"[1,366]",,
ah_min,anthropogenic_heat,na,human_activity,AnthropogenicHeat,AnthropogenicHeat,,CM,,,,
ah_slope_cooling,anthropogenic_heat,na,human_activity,AnthropogenicHeat,AnthropogenicHeat,,CM,,,,
ah_slope_heating,anthropogenic_heat,na,human_activity,AnthropogenicHeat,AnthropogenicHeat,,CM,,,,
ahprof_24hr,anthropogenic_heat,na,human_activity,AnthropogenicHeat,AnthropogenicHeat,,CM,,,,
baset_cooling,anthropogenic_heat,na,human_activity,AnthropogenicHeat,AnthropogenicHeat,,CM,,,,
baset_heating,anthropogenic_heat,na,human_activity,AnthropogenicHeat,AnthropogenicHeat,,CM,,,,
popdensdaytime,anthropogenic_heat,na,human_activity,AnthropogenicHeat,AnthropogenicHeat,,CM,,,,
popdensnighttime,anthropogenic_heat,na,human_activity,AnthropogenicHeat,AnthropogenicHeat,C/Pydantic,C0,non_negative,>=0,,
popprof_24hr,anthropogenic_heat,na,human_activity,AnthropogenicHeat,AnthropogenicHeat,,CM,,,,
qf0_beu,anthropogenic_heat,na,human_activity,AnthropogenicHeat,AnthropogenicHeat,,CM,,,,
qf_a,anthropogenic_heat,na,human_activity,AnthropogenicHeat,AnthropogenicHeat,,CM,,,,
qf_b,anthropogenic_heat,na,human_activity,AnthropogenicHeat,AnthropogenicHeat,,CM,,,,
qf_c,anthropogenic_heat,na,human_activity,AnthropogenicHeat,AnthropogenicHeat,,CM,,,,
co2pointsource,carbon,na,human_activity,CO2Params,CO2Params,B,C2,,,,
ef_umolco2perj,carbon,na,human_activity,CO2Params,CO2Params,B,C2,,,,
enef_v_jkm,carbon,na,human_activity,CO2Params,CO2Params,B,C2,,,,
fcef_v_kgkm,carbon,na,human_activity,CO2Params,CO2Params,B,C2,,,,
frfossilfuel_heat,carbon,na,human_activity,CO2Params,CO2Params,C/Pydantic; B,C0; C2,fraction_0_1,"[0,1]",,
frfossilfuel_nonheat,carbon,na,human_activity,CO2Params,CO2Params,C/Pydantic; B,C0; C2,fraction_0_1,"[0,1]",,
humactivity_24hr,carbon,na,human_activity,CO2Params,CO2Params,B,C2,,,,
maxfcmetab,carbon,na,human_activity,CO2Params,CO2Params,B,C2,,,,
maxqfmetab,carbon,na,human_activity,CO2Params,CO2Params,B,C2,,,,
minfcmetab,carbon,na,human_activity,CO2Params,CO2Params,B,C2,,,,
minqfmetab,carbon,na,human_activity,CO2Params,CO2Params,B,C2,,,,
trafficrate,carbon,na,human_activity,CO2Params,CO2Params,B,C2,,,,
trafficunits,carbon,na,human_activity,CO2Params,CO2Params,B,C2,,,,
traffprof_24hr,carbon,na,human_activity,CO2Params,CO2Params,B,C2,,,,
daywat,irrigation,Water,human_activity,IrrigationParams,IrrigationParams,,CM,,,,
daywatper,irrigation,Water,human_activity,IrrigationParams,IrrigationParams,,CM,,,,
faut,irrigation,Water,human_activity,IrrigationParams,IrrigationParams,C/Pydantic,C0,fraction_0_1,"[0,1]",,
h_maintain,irrigation,Water,human_activity,IrrigationParams,IrrigationParams,,CM,,,,
ie_end,irrigation,Water,human_activity,IrrigationParams,IrrigationParams,B; C/Pydantic,C2,,,,
ie_start,irrigation,Water,human_activity,IrrigationParams,IrrigationParams,B; C/Pydantic,C2,,,,
internalwateruse_h,irrigation,Water,human_activity,IrrigationParams,IrrigationParams,,CM,,,,
wuprofa_24hr,irrigation,Water,human_activity,IrrigationParams,IrrigationParams,,CM,,,,
wuprofm_24hr,irrigation,Water,human_activity,IrrigationParams,IrrigationParams,,CM,,,,
drain_coef_1,storage_drain,Storage Drain,hydro,StorageDrainParams,StorageDrainParams,,CM,,,,
drain_coef_2,storage_drain,Storage Drain,hydro,StorageDrainParams,StorageDrainParams,,CM,,,,
drain_eq,storage_drain,Storage Drain,hydro,StorageDrainParams,StorageDrainParams,,CM,,,,
store_cap,storage_drain,Storage Drain,hydro,StorageDrainParams,StorageDrainParams,C/Pydantic,C0,non_negative,>=0,,
store_max,storage_drain,Storage Drain,hydro,StorageDrainParams,StorageDrainParams,C/Pydantic,C0,non_negative,>=0,,
store_min,storage_drain,Storage Drain,hydro,StorageDrainParams,StorageDrainParams,C/Pydantic,C0,non_negative,>=0,,
to_bldgs,water,Water,hydro,WaterDistribution,WaterDistribution,C/Pydantic,C0,fraction_0_1,"[0,1]",,
to_bsoil,water,Water,hydro,WaterDistribution,WaterDistribution,C/Pydantic,C0,fraction_0_1,"[0,1]",,
to_dectr,water,Water,hydro,WaterDistribution,WaterDistribution,C/Pydantic,C0,fraction_0_1,"[0,1]",,
to_evetr,water,Water,hydro,WaterDistribution,WaterDistribution,C/Pydantic,C0,fraction_0_1,"[0,1]",,
to_grass,water,Water,hydro,WaterDistribution,WaterDistribution,C/Pydantic,C0,fraction_0_1,"[0,1]",,
to_paved,water,Water,hydro,WaterDistribution,WaterDistribution,C/Pydantic,C0,fraction_0_1,"[0,1]",,
to_runoff,water,Water,hydro,WaterDistribution,WaterDistribution,C/Pydantic,C0,fraction_0_1,"[0,1]",,
to_soilstore,water,Water,hydro,WaterDistribution,WaterDistribution,C/Pydantic,C0,fraction_0_1,"[0,1]",,
to_water,water,Water,hydro,WaterDistribution,WaterDistribution,C/Pydantic,C0,fraction_0_1,"[0,1]",,
diagnose,nc,SUEWS,model,ModelControl,ModelControl,C/Pydantic,C2,,,,
end_time,time,SUEWS,model,ModelControl,ModelControl,,CM,,,,
forcing_file,nc,SUEWS,model,ModelControl,ModelControl,A; C/Pydantic,C2,,,,
kdownzen,nc,SUEWS,model,ModelControl,ModelControl,,CM,,,,
start_time,time,SUEWS,model,ModelControl,ModelControl,,CM,,,,
tstep,nc,SUEWS,model,ModelControl,ModelControl,C/Pydantic,C2,,,,
emissionsmethod,physics_model_option,SUEWS,model,ModelPhysics,ModelPhysics,B; C/Pydantic,C2,,,,
faimethod,physics_model_option,SUEWS,model,ModelPhysics,ModelPhysics,B; C/Pydantic,C2,,,,
gsmodel,physics_model_option,SUEWS,model,ModelPhysics,ModelPhysics,B; C/Pydantic,C2,,,,
netradiationmethod,physics_model_option,SUEWS,model,ModelPhysics,ModelPhysics,B; C/Pydantic,C2,,,,
ohmincqf,physics_model_option,SUEWS,model,ModelPhysics,ModelPhysics,B; C/Pydantic,C2,,,,
rcmethod,physics_model_option,SUEWS,model,ModelPhysics,ModelPhysics,B,C2,,,,
roughlenheatmethod,physics_model_option,SUEWS,model,ModelPhysics,ModelPhysics,B; C/Pydantic,C2,,,,
roughlenmommethod,physics_model_option,SUEWS,model,ModelPhysics,ModelPhysics,B; C/Pydantic,C2,,,,
rsllevel,physics_model_option,SUEWS,model,ModelPhysics,ModelPhysics,B; C/Pydantic,C2,,,,
rslmethod,physics_model_option,SUEWS,model,ModelPhysics,ModelPhysics,B; C/Pydantic,C2,,,,
smdmethod,physics_model_option,SUEWS,model,ModelPhysics,ModelPhysics,B; C/Pydantic,C2,,,,
snowuse,physics_model_option,SUEWS,model,ModelPhysics,ModelPhysics,B; C/Pydantic,C2,,,,
stabilitymethod,physics_model_option,SUEWS,model,ModelPhysics,ModelPhysics,B; C/Pydantic,C2,,,,
stebbsmethod,physics_model_option,SUEWS,model,ModelPhysics,ModelPhysics,B; C/Pydantic,C2,,,,
storageheatmethod,physics_model_option,SUEWS,model,ModelPhysics,ModelPhysics,B; C/Pydantic,C2,,,,
waterusemethod,physics_model_option,SUEWS,model,ModelPhysics,ModelPhysics,B; C/Pydantic,C2,,,,
format,nc,na,model,OutputConfig,OutputConfig,,CM,,,,
freq,nc,na,model,OutputConfig,OutputConfig,C/Pydantic,C2,,,,
groups,nc,na,model,OutputConfig,OutputConfig,C/Pydantic,C2,,,,
path,nc,na,model,OutputConfig,OutputConfig,,CM,,,,
a1,nc,OHM,ohm,OHMCoefficients,OHMCoefficients,,CM,,,,
a2,nc,OHM,ohm,OHMCoefficients,OHMCoefficients,,CM,,,,
a3,nc,OHM,ohm,OHMCoefficients,OHMCoefficients,,CM,,,,
summer_dry,nc,OHM,ohm,OHM_Coefficient_season_wetness,OHM_Coefficient_season_wetness,,CM,,,,
summer_wet,nc,OHM,ohm,OHM_Coefficient_season_wetness,OHM_Coefficient_season_wetness,,CM,,,,
winter_dry,nc,OHM,ohm,OHM_Coefficient_season_wetness,OHM_Coefficient_season_wetness,,CM,,,,
winter_wet,nc,OHM,ohm,OHM_Coefficient_season_wetness,OHM_Coefficient_season_wetness,,CM,,,,
BuildingCount,building_archetype_property,STEBBS,site,ArchetypeProperties,ArchetypeProperties,,CM,,,,
BuildingName,building_archetype_property,STEBBS,site,ArchetypeProperties,ArchetypeProperties,,CM,,,,
BuildingType,building_archetype_property,STEBBS,site,ArchetypeProperties,ArchetypeProperties,,CM,,,,
CoolingSetpointTemperature,building_heating_cooling,STEBBS,site,ArchetypeProperties,ArchetypeProperties,,CM,,,,
FloorThickness,building_material,STEBBS,site,ArchetypeProperties,ArchetypeProperties,C/Pydantic,C0,positive,>0,,
FootprintArea,building_morphology,STEBBS,site,ArchetypeProperties,ArchetypeProperties,C/Pydantic,C0,positive,>0,,
GroundFloorCp,building_material; thermal_property,STEBBS,site,ArchetypeProperties,ArchetypeProperties,C/Pydantic,C0,positive,>0,,
GroundFloorDensity,building_material,STEBBS,site,ArchetypeProperties,ArchetypeProperties,C/Pydantic,C0,positive,>0,,
GroundFloorEffectiveConductivity,building_material,STEBBS,site,ArchetypeProperties,ArchetypeProperties,C/Pydantic,C0,positive,>0,,
HeatingSetpointTemperature,building_heating_cooling,STEBBS,site,ArchetypeProperties,ArchetypeProperties,,CM,,,,
InternalMassCp,building_material; thermal_property,STEBBS,site,ArchetypeProperties,ArchetypeProperties,,CM,,,,
InternalMassDensity,building_material,STEBBS,site,ArchetypeProperties,ArchetypeProperties,,CM,,,,
InternalMassEmissivity,building_material,STEBBS,site,ArchetypeProperties,ArchetypeProperties,,CM,,,,
MaxHeatingPower,building_heating_cooling,STEBBS,site,ArchetypeProperties,ArchetypeProperties,C/Pydantic,C0,non_negative,>=0,,
MaximumHotWaterHeatingPower,building_heating_cooling,STEBBS,site,ArchetypeProperties,ArchetypeProperties,C/Pydantic,C0,positive,>0,,
Occupants,building_occupants,STEBBS,site,ArchetypeProperties,ArchetypeProperties,,CM,,,,
RatioInternalVolume,building_morphology,STEBBS,site,ArchetypeProperties,ArchetypeProperties,C/Pydantic,C0,fraction_0_1,"[0,1]",,
RoofAbsorbtivity,building_material,STEBBS,site,ArchetypeProperties,ArchetypeProperties,C/Pydantic,C0,fraction_0_1,"[0,1]",,
RoofCp,building_material; thermal_property,STEBBS,site,ArchetypeProperties,ArchetypeProperties,C/Pydantic,C0,positive,>0,,
RoofDensity,building_material,STEBBS,site,ArchetypeProperties,ArchetypeProperties,C/Pydantic,C0,positive,>0,,
RoofEffectiveConductivity,building_material,STEBBS,site,ArchetypeProperties,ArchetypeProperties,C/Pydantic,C0,positive,>0,,
RoofExternalEmissivity,building_material,STEBBS,site,ArchetypeProperties,ArchetypeProperties,C/Pydantic,C0,fraction_0_1,"[0,1]",,
RoofInternalEmissivity,building_material,STEBBS,site,ArchetypeProperties,ArchetypeProperties,C/Pydantic,C0,fraction_0_1,"[0,1]",,
RoofReflectivity,building_material,STEBBS,site,ArchetypeProperties,ArchetypeProperties,C/Pydantic,C0,fraction_0_1,"[0,1]",,
RoofThickness,building_material,STEBBS,site,ArchetypeProperties,ArchetypeProperties,C/Pydantic,C0,positive,>0,,
RoofTransmissivity,building_material,STEBBS,site,ArchetypeProperties,ArchetypeProperties,C/Pydantic,C0,fraction_0_1,"[0,1]",,
RoofextCp,building_material; thermal_property,STEBBS,site,ArchetypeProperties,ArchetypeProperties,C/Pydantic,C0,positive,>0,,
RoofextDensity,building_material,STEBBS,site,ArchetypeProperties,ArchetypeProperties,C/Pydantic,C0,positive,>0,,
RoofextEffectiveConductivity,building_material,STEBBS,site,ArchetypeProperties,ArchetypeProperties,C/Pydantic,C0,positive,>0,,
RoofextThickness,building_material,STEBBS,site,ArchetypeProperties,ArchetypeProperties,C/Pydantic,C0,positive,>0,,
Roofx1,building_material,STEBBS,site,ArchetypeProperties,ArchetypeProperties,C/Pydantic,C0,fraction_0_1,"[0,1]",,
WWR,building_morphology,STEBBS,site,ArchetypeProperties,ArchetypeProperties,C/Pydantic,C0,fraction_0_1,"[0,1]",,
WallAbsorbtivity,building_material,STEBBS,site,ArchetypeProperties,ArchetypeProperties,C/Pydantic,C0,fraction_0_1,"[0,1]",,
WallCp,building_material; thermal_property,STEBBS,site,ArchetypeProperties,ArchetypeProperties,C/Pydantic,C0,positive,>0,,
WallDensity,building_material,STEBBS,site,ArchetypeProperties,ArchetypeProperties,C/Pydantic,C0,positive,>0,,
WallEffectiveConductivity,building_material,STEBBS,site,ArchetypeProperties,ArchetypeProperties,C/Pydantic,C0,positive,>0,,
WallExternalArea,building_material,STEBBS,site,ArchetypeProperties,ArchetypeProperties,C/Pydantic,C0,positive,>0,,
WallExternalEmissivity,building_material,STEBBS,site,ArchetypeProperties,ArchetypeProperties,C/Pydantic,C0,fraction_0_1,"[0,1]",,
WallInternalEmissivity,building_material,STEBBS,site,ArchetypeProperties,ArchetypeProperties,C/Pydantic,C0,fraction_0_1,"[0,1]",,
WallReflectivity,building_material,STEBBS,site,ArchetypeProperties,ArchetypeProperties,C/Pydantic,C0,fraction_0_1,"[0,1]",,
WallThickness,building_material,STEBBS,site,ArchetypeProperties,ArchetypeProperties,C/Pydantic,C0,positive,>0,,
WallTransmissivity,building_material,STEBBS,site,ArchetypeProperties,ArchetypeProperties,C/Pydantic,C0,fraction_0_1,"[0,1]",,
WallextCp,building_material; thermal_property,STEBBS,site,ArchetypeProperties,ArchetypeProperties,C/Pydantic,C0,positive,>0,,
WallextDensity,building_material,STEBBS,site,ArchetypeProperties,ArchetypeProperties,C/Pydantic,C0,positive,>0,,
WallextEffectiveConductivity,building_material,STEBBS,site,ArchetypeProperties,ArchetypeProperties,C/Pydantic,C0,positive,>0,,
WallextThickness,building_material,STEBBS,site,ArchetypeProperties,ArchetypeProperties,C/Pydantic,C0,positive,>0,,
Wallx1,building_material,STEBBS,site,ArchetypeProperties,ArchetypeProperties,C/Pydantic,C0,fraction_0_1,"[0,1]",,
WaterTankWaterVolume,building_dhw,STEBBS,site,ArchetypeProperties,ArchetypeProperties,C/Pydantic,C0,positive,>0,,
WindowAbsorbtivity,building_material,STEBBS,site,ArchetypeProperties,ArchetypeProperties,C/Pydantic,C0,fraction_0_1,"[0,1]",,
WindowCp,building_material; thermal_property,STEBBS,site,ArchetypeProperties,ArchetypeProperties,C/Pydantic,C0,positive,>0,,
WindowDensity,building_material,STEBBS,site,ArchetypeProperties,ArchetypeProperties,C/Pydantic,C0,positive,>0,,
WindowEffectiveConductivity,building_material,STEBBS,site,ArchetypeProperties,ArchetypeProperties,C/Pydantic,C0,positive,>0,,
WindowExternalEmissivity,building_material,STEBBS,site,ArchetypeProperties,ArchetypeProperties,C/Pydantic,C0,fraction_0_1,"[0,1]",,
WindowInternalEmissivity,building_material,STEBBS,site,ArchetypeProperties,ArchetypeProperties,C/Pydantic,C0,fraction_0_1,"[0,1]",,
WindowReflectivity,building_material,STEBBS,site,ArchetypeProperties,ArchetypeProperties,C/Pydantic,C0,fraction_0_1,"[0,1]",,
WindowThickness,building_material,STEBBS,site,ArchetypeProperties,ArchetypeProperties,C/Pydantic,C0,positive,>0,,
WindowTransmissivity,building_material,STEBBS,site,ArchetypeProperties,ArchetypeProperties,C/Pydantic,C0,fraction_0_1,"[0,1]",,
stebbs_Height,building_morphology,STEBBS,site,ArchetypeProperties,ArchetypeProperties,C/Pydantic,C0,positive,>0,bldgh; height,
g_k,nc,na,site,Conductance,Conductance,,CM,,,,
g_max,nc,na,site,Conductance,Conductance,,CM,,,,
g_q_base,nc,na,site,Conductance,Conductance,,CM,,,,
g_q_shape,nc,na,site,Conductance,Conductance,,CM,,,,
g_sm,nc,na,site,Conductance,Conductance,,CM,,,,
g_t,nc,na,site,Conductance,Conductance,,CM,,,,
kmax,nc,na,site,Conductance,Conductance,,CM,,,,
s1,nc,na,site,Conductance,Conductance,,CM,,,,
s2,nc,na,site,Conductance,Conductance,,CM,,,,
th,nc,na,site,Conductance,Conductance,,CM,,,,
tl,nc,na,site,Conductance,Conductance,,CM,,,,
capmax_dec,vegetation_morphology,na,site,DectrProperties,DectrProperties,,CM,,,,
capmin_dec,vegetation_morphology,na,site,DectrProperties,DectrProperties,,CM,,,,
dectreeh,vegetation_morphology,na,site,DectrProperties,DectrProperties,,CM,,,,
faidectree,vegetation_morphology,na,site,DectrProperties,DectrProperties,,CM,,,,
pormax_dec,nc,na,site,DectrProperties,DectrProperties,C/Pydantic,C1; C2,range,"[0.1,0.9]",,
pormin_dec,nc,na,site,DectrProperties,DectrProperties,C/Pydantic,C1; C2,range,"[0.1,0.9]",,
evetreeh,vegetation_morphology,na,site,EvetrProperties,EvetrProperties,,CM,,,,
faievetree,vegetation_morphology,na,site,EvetrProperties,EvetrProperties,,CM,,,,
baset,nc,na,site,LAIParams,LAIParams,,CM,,,,
basete,nc,na,site,LAIParams,LAIParams,,CM,,,,
gddfull,nc,na,site,LAIParams,LAIParams,,CM,,,,
laimax,nc,na,site,LAIParams,LAIParams,,CM,,,,
laimin,nc,na,site,LAIParams,LAIParams,,CM,,,,
laipower,nc,na,site,LAIParams,LAIParams,,CM,,,,
laitype,nc,na,site,LAIParams,LAIParams,,CM,,,,
sddfull,nc,na,site,LAIParams,LAIParams,,CM,,,,
growth_gdd,nc,na,site,LAIPowerCoefficients,LAIPowerCoefficients,,CM,,,,
growth_lai,nc,na,site,LAIPowerCoefficients,LAIPowerCoefficients,,CM,,,,
senescence_lai,nc,na,site,LAIPowerCoefficients,LAIPowerCoefficients,,CM,,,,
senescence_sdd,nc,na,site,LAIPowerCoefficients,LAIPowerCoefficients,,CM,,,,
drainrt,nc,LUMPS,site,LUMPSParams,LUMPSParams,C/Pydantic,C0,fraction_0_1,"[0,1]",,
raincover,nc,LUMPS,site,LUMPSParams,LUMPSParams,C/Pydantic,C0,fraction_0_1,"[0,1]",,
rainmaxres,nc,LUMPS,site,LUMPSParams,LUMPSParams,C/Pydantic,C1,range,"[0,20]",,
veg_type,nc,LUMPS,site,LUMPSParams,LUMPSParams,,,,,,
air_ext_lw,radiation,SPARTACUS,site,SPARTACUSParams,SPARTACUSParams,,CM,,,,
air_ext_sw,radiation,SPARTACUS,site,SPARTACUSParams,SPARTACUSParams,,CM,,,,
air_ssa_lw,radiation,SPARTACUS,site,SPARTACUSParams,SPARTACUSParams,C/Pydantic,C0,fraction_0_1,"[0,1]",,single scattering albedo
air_ssa_sw,radiation,SPARTACUS,site,SPARTACUSParams,SPARTACUSParams,C/Pydantic,C0,fraction_0_1,"[0,1]",,single scattering albedo
ground_albedo_dir_mult_fact,radiation,SPARTACUS,site,SPARTACUSParams,SPARTACUSParams,C/Pydantic,C0,non_negative,>=0,,
n_stream_lw_urban,radiation,SPARTACUS,site,SPARTACUSParams,SPARTACUSParams,,CM,,,,
n_stream_sw_urban,radiation,SPARTACUS,site,SPARTACUSParams,SPARTACUSParams,,CM,,,,
n_vegetation_region_urban,vegetation_morphology,SPARTACUS,site,SPARTACUSParams,SPARTACUSParams,,CM,,,,
sw_dn_direct_frac,radiation,SPARTACUS,site,SPARTACUSParams,SPARTACUSParams,,CM,,,,
use_sw_direct_albedo,radiation; physics_model_option,SPARTACUS,site,SPARTACUSParams,SPARTACUSParams,,CM,,,,This is not an albedo but a switch / boolean flag
veg_contact_fraction_const,vegetation_radiation,SPARTACUS,site,SPARTACUSParams,SPARTACUSParams,,CM,,,,
veg_fsd_const,vegetation_radiation,SPARTACUS,site,SPARTACUSParams,SPARTACUSParams,,CM,,,,
veg_ssa_lw,vegetation_radiation,SPARTACUS,site,SPARTACUSParams,SPARTACUSParams,C/Pydantic,C0,fraction_0_1,"[0,1]",,
veg_ssa_sw,vegetation_radiation,SPARTACUS,site,SPARTACUSParams,SPARTACUSParams,C/Pydantic,C0,fraction_0_1,"[0,1]",,
gridiv,grid,SUEWS,site,Site,Site,,CM,,,,
name,grid,SUEWS,site,Site,Site,,CM,,,,
alt,grid,SUEWS,site,SiteProperties,SiteProperties,C/Pydantic,C0; C2,positive,>0,,
h_std,building_morphology,SUEWS,site,SiteProperties,SiteProperties,,CM,,,,
lambda_c,grid,SUEWS,site,SiteProperties,SiteProperties,C/Pydantic,C0; C2,non_negative,>=0,,
lat,grid,SUEWS,site,SiteProperties,SiteProperties,B; C/Pydantic,C1; C2,range,"[-90,90]",,
lng,grid,SUEWS,site,SiteProperties,SiteProperties,B; C/Pydantic,C1; C2,range,"[-180,180]",,
n_buildings,building_morphology,SUEWS,site,SiteProperties,SiteProperties,,CM,,,,
narp_trans_site,nc,NARP,site,SiteProperties,SiteProperties,C/Pydantic,C2,,,,
pipecapacity,nc,na,site,SiteProperties,SiteProperties,C/Pydantic,C0; C2,positive,>0,,
runofftowater,nc,na,site,SiteProperties,SiteProperties,C/Pydantic,C0; C2,fraction_0_1,"[0,1]",,
surfacearea,grid,SUEWS,site,SiteProperties,SiteProperties,C/Pydantic,C0; C2,positive,>0,,
timezone,time,SUEWS,site,SiteProperties,SiteProperties,B; C/Pydantic,C2,,,,
z,forcing,na,site,SiteProperties,SiteProperties,C/Pydantic,C0; C2,positive,>0,,Needs to be 2-3 times greater than the mean height of the roughness elements (building and trees heights)
z0m_in,aerodynamic,na,site,SiteProperties,SiteProperties,C/Pydantic,C0; C2,positive,>0,,
zdm_in,aerodynamic,na,site,SiteProperties,SiteProperties,C/Pydantic,C0; C2,positive,>0,,
crwmax,snow,Snow,site,SnowParams,SnowParams,C/Pydantic,C0; C2,fraction_0_1,"[0,1]",,
crwmin,snow,Snow,site,SnowParams,SnowParams,C/Pydantic,C0; C2,fraction_0_1,"[0,1]",,
narp_emis_snow,snow_radiation,Snow; NARP,site,SnowParams,SnowParams,,CM,,,,This is distinct from SurfaceProperties.emis (per‑surface emissivity) and is used by the snow/NARP routines
preciplimit,snow,Snow,site,SnowParams,SnowParams,,CM,,,,
preciplimitalb,snow_radiation,Snow,site,SnowParams,SnowParams,C/Pydantic,C0,non_negative,>=0,,"This is NOT directly an albedo, but a precipitation‑amount threshold controlling when snow fully covers the surface for the purposes of albedo/aging."
radmeltfact,nc,Snow,site,SnowParams,SnowParams,,CM,,,,
snowalbmax,radiation,Snow,site,SnowParams,SnowParams,C/Pydantic,C0; C2,fraction_0_1,"[0,1]",,
snowalbmin,radiation,Snow,site,SnowParams,SnowParams,C/Pydantic,C0; C2,fraction_0_1,"[0,1]",,
snowdensmax,snow,Snow,site,SnowParams,SnowParams,,CM,,,,
snowdensmin,snow,Snow,site,SnowParams,SnowParams,,CM,,,,
snowlimbldg,snow,Snow,site,SnowParams,SnowParams,,CM,,,,
snowlimpaved,snow,Snow,site,SnowParams,SnowParams,,CM,,,,
snowprof_24hr,snow,Snow,site,SnowParams,SnowParams,,CM,,,,
tau_a,snow,Snow,site,SnowParams,SnowParams,,CM,,,,
tau_f,snow,Snow,site,SnowParams,SnowParams,,CM,,,,
tau_r,snow,Snow,site,SnowParams,SnowParams,,CM,,,,
tempmeltfact,snow,Snow,site,SnowParams,SnowParams,,CM,,,,
ApplianceRating,building_appliance,STEBBS,site,StebbsProperties,StebbsProperties,C/Pydantic,C0; C2,non_negative,>=0,,
ApplianceUsageFactor,building_appliance,STEBBS,site,StebbsProperties,StebbsProperties,C/Pydantic,C0; C2,fraction_0_1,"[0,1]",,
CoolingSystemCOP,building_heating_cooling,STEBBS,site,StebbsProperties,StebbsProperties,C/Pydantic,C0; C2,non_negative,>=0,,
DHWDensity,building_dhw,STEBBS,site,StebbsProperties,StebbsProperties,C/Pydantic,C0; C2,positive,>0,,
DHWDrainFlowRate,building_dhw,STEBBS,site,StebbsProperties,StebbsProperties,C/Pydantic,C0; C2,non_negative,>=0,,
DHWSpecificHeatCapacity,building_dhw; thermal_property,STEBBS,site,StebbsProperties,StebbsProperties,C/Pydantic,C0; C2,positive,>0,,
DHWSurfaceArea,building_dhw,STEBBS,site,StebbsProperties,StebbsProperties,C/Pydantic,C0; C2,positive,>0,,
DHWVesselDensity,building_dhw,STEBBS,site,StebbsProperties,StebbsProperties,C/Pydantic,C0; C2,positive,>0,,
DHWVesselExternalWallConvectionCoefficient,building_dhw,STEBBS,site,StebbsProperties,StebbsProperties,C/Pydantic,C2,,,,
DHWVesselInternalWallConvectionCoefficient,building_dhw,STEBBS,site,StebbsProperties,StebbsProperties,C/Pydantic,C2,,,,
DHWVesselSpecificHeatCapacity,building_dhw; thermal_property,STEBBS,site,StebbsProperties,StebbsProperties,C/Pydantic,C0; C2,positive,>0,,
DHWVesselWallConductivity,building_dhw,STEBBS,site,StebbsProperties,StebbsProperties,C/Pydantic,C0; C2,positive,>0,,
DHWVesselWallEmissivity,building_dhw,STEBBS,site,StebbsProperties,StebbsProperties,C/Pydantic,C1; C2,range,"(0,1]",,
DHWVesselWallThickness,building_dhw,STEBBS,site,StebbsProperties,StebbsProperties,C/Pydantic,C0; C2,positive,>0,,
DHWWaterVolume,building_dhw,STEBBS,site,StebbsProperties,StebbsProperties,C/Pydantic,C0; C2,positive,>0,,
ExternalGroundConductivity,building_ambient; soil,STEBBS,site,StebbsProperties,StebbsProperties,C/Pydantic,C2,,,,
FloorInternalConvectionCoefficient,building_material,STEBBS,site,StebbsProperties,StebbsProperties,C/Pydantic,C0; C2,positive,>0,,
GroundDepth,building_ambient; soil,STEBBS,site,StebbsProperties,StebbsProperties,C/Pydantic,C2,,,,Harmonised with soildepth?
HeatingSystemEfficiency,building_heating_cooling,STEBBS,site,StebbsProperties,StebbsProperties,C/Pydantic,C0; C2,fraction_0_1,"[0,1]",,
HotWaterFlowRate,building_dhw,STEBBS,site,StebbsProperties,StebbsProperties,C/Pydantic,C0; C2,non_negative,>=0,,
HotWaterHeatingEfficiency,building_heating_cooling,STEBBS,site,StebbsProperties,StebbsProperties,C/Pydantic,C0; C2,fraction_0_1,"[0,1]",,
HotWaterHeatingSetpointTemperature,building_heating_cooling,STEBBS,site,StebbsProperties,StebbsProperties,C/Pydantic,C0; C2,positive,>0,,
HotWaterTankBuildingWallViewFactor,building_dhw,STEBBS,site,StebbsProperties,StebbsProperties,C/Pydantic,C0; C2,fraction_0_1,"[0,1]",,
HotWaterTankExternalWallConvectionCoefficient,building_dhw,STEBBS,site,StebbsProperties,StebbsProperties,C/Pydantic,C2,,,,
HotWaterTankInternalMassViewFactor,building_dhw,STEBBS,site,StebbsProperties,StebbsProperties,C/Pydantic,C0; C2,fraction_0_1,"[0,1]",,
HotWaterTankInternalWallConvectionCoefficient,building_dhw,STEBBS,site,StebbsProperties,StebbsProperties,C/Pydantic,C2,,,,
HotWaterTankSpecificHeatCapacity,building_dhw; thermal_property,STEBBS,site,StebbsProperties,StebbsProperties,C/Pydantic,C0; C2,positive,>0,,
HotWaterTankWallConductivity,building_dhw,STEBBS,site,StebbsProperties,StebbsProperties,C/Pydantic,C0; C2,positive,>0,,
HotWaterTankWallDensity,building_dhw,STEBBS,site,StebbsProperties,StebbsProperties,C/Pydantic,C0; C2,positive,>0,,
HotWaterTankWallEmissivity,building_dhw,STEBBS,site,StebbsProperties,StebbsProperties,C/Pydantic,C0; C2,fraction_0_1,"[0,1]",,
InternalMassConvectionCoefficient,building_material,STEBBS,site,StebbsProperties,StebbsProperties,C/Pydantic,C0; C2,positive,>0,,
LatentSensibleRatio,building_occupants,STEBBS,site,StebbsProperties,StebbsProperties,C/Pydantic,C0; C2,non_negative,>=0,,
MainsWaterTemperature,building_internal,STEBBS,site,StebbsProperties,StebbsProperties,C/Pydantic,C2,,,,
MaxCoolingPower,building_heating_cooling,STEBBS,site,StebbsProperties,StebbsProperties,C/Pydantic,C0; C2,non_negative,>=0,,
MetabolicRate,building_occupants,STEBBS,site,StebbsProperties,StebbsProperties,C/Pydantic,C0; C2,non_negative,>=0,,
MinimumVolumeOfDHWinUse,building_dhw,STEBBS,site,StebbsProperties,StebbsProperties,C/Pydantic,C0; C2,non_negative,>=0,,
InitialIndoorTemperature,building_initial_condition,STEBBS,site,StebbsProperties,StebbsProperties,C/Pydantic,C2,,,,
InitialOutdoorTemperature,building_initial_condition,STEBBS,site,StebbsProperties,StebbsProperties,B,C2,,,temperature; tin; tsfc,
DeepSoilTemperature,building_initial_condition,STEBBS,site,StebbsProperties,StebbsProperties,B,C2,,,,
RoofExternalConvectionCoefficient,building_material,STEBBS,site,StebbsProperties,StebbsProperties,C/Pydantic,C0,positive,>0,,
RoofInternalConvectionCoefficient,building_material,STEBBS,site,StebbsProperties,StebbsProperties,C/Pydantic,C0,positive,>0,,
TotalNumberofAppliances,building_appliance,STEBBS,site,StebbsProperties,StebbsProperties,C/Pydantic,C0; C2,non_negative,>=0,,
VentilationRate,building_ventilation,STEBBS,site,StebbsProperties,StebbsProperties,C/Pydantic,C0; C2,non_negative,>=0,,
WallExternalConvectionCoefficient,building_material,STEBBS,site,StebbsProperties,StebbsProperties,C/Pydantic,C0; C2,positive,>0,,
WallInternalConvectionCoefficient,building_material,STEBBS,site,StebbsProperties,StebbsProperties,C/Pydantic,C0; C2,positive,>0,,
WaterTankSurfaceArea,building_dhw,STEBBS,site,StebbsProperties,StebbsProperties,C/Pydantic,C2,,,,
WaterTankWallThickness,building_dhw,STEBBS,site,StebbsProperties,StebbsProperties,C/Pydantic,C0; C2,positive,>0,,
WindowExternalConvectionCoefficient,building_material,STEBBS,site,StebbsProperties,StebbsProperties,C/Pydantic,C0; C2,positive,>0,,
WindowInternalConvectionCoefficient,building_material,STEBBS,site,StebbsProperties,StebbsProperties,C/Pydantic,C0; C2,positive,>0,,
ch_anohm,nc,OHM,site,SurfaceProperties,BldgsProperties; BsoilProperties; DectrProperties; EvetrProperties; GrassProperties; NonVegetatedSurfaceProperties; PavedProperties; SurfaceProperties; VegetatedSurfaceProperties; WaterProperties,,CM,,,,
emis,building_radiation; paved_radiation; soil_radiation; vegetation_radiation; water_radiation,SUEWS,site,SurfaceProperties,BldgsProperties; BsoilProperties; DectrProperties; EvetrProperties; GrassProperties; NonVegetatedSurfaceProperties; PavedProperties; SurfaceProperties; VegetatedSurfaceProperties; WaterProperties,C/Pydantic,C0,fraction_0_1,"[0,1]",,"Area‑averaged emissivity for each surface class used by core SUEWS radiation calculations, applied when SPARTACUS is not active (snow uses a separate snow emissivity)."
irrfrac,nc,na,site,SurfaceProperties,BldgsProperties; BsoilProperties; DectrProperties; EvetrProperties; GrassProperties; NonVegetatedSurfaceProperties; PavedProperties; SurfaceProperties; VegetatedSurfaceProperties; WaterProperties,,CM,,,,
k_anohm,nc,OHM,site,SurfaceProperties,BldgsProperties; BsoilProperties; DectrProperties; EvetrProperties; GrassProperties; NonVegetatedSurfaceProperties; PavedProperties; SurfaceProperties; VegetatedSurfaceProperties; WaterProperties,,CM,,,,
ohm_coef,nc,OHM,site,SurfaceProperties,BldgsProperties; BsoilProperties; DectrProperties; EvetrProperties; GrassProperties; NonVegetatedSurfaceProperties; PavedProperties; SurfaceProperties; VegetatedSurfaceProperties; WaterProperties,,CM,,,,
ohm_threshsw,nc,OHM,site,SurfaceProperties,BldgsProperties; BsoilProperties; DectrProperties; EvetrProperties; GrassProperties; NonVegetatedSurfaceProperties; PavedProperties; SurfaceProperties; VegetatedSurfaceProperties; WaterProperties,,CM,,,,
ohm_threshwd,nc,OHM,site,SurfaceProperties,BldgsProperties; BsoilProperties; DectrProperties; EvetrProperties; GrassProperties; NonVegetatedSurfaceProperties; PavedProperties; SurfaceProperties; VegetatedSurfaceProperties; WaterProperties,,CM,,,,
rho_cp_anohm,thermal_property,OHM,site,SurfaceProperties,BldgsProperties; BsoilProperties; DectrProperties; EvetrProperties; GrassProperties; NonVegetatedSurfaceProperties; PavedProperties; SurfaceProperties; VegetatedSurfaceProperties; WaterProperties,,CM,,,,"scalar, feeds AnOHM"
sathydraulicconduct,nc,na,site,SurfaceProperties,BldgsProperties; BsoilProperties; DectrProperties; EvetrProperties; GrassProperties; NonVegetatedSurfaceProperties; PavedProperties; SurfaceProperties; VegetatedSurfaceProperties; WaterProperties,,CM,,,,
sfr,building_morphology; paved_morphology; vegetation_morphology; soil_morphology; water_morphology,na,site,SurfaceProperties,BldgsProperties; BsoilProperties; DectrProperties; EvetrProperties; GrassProperties; NonVegetatedSurfaceProperties; PavedProperties; SurfaceProperties; VegetatedSurfaceProperties; WaterProperties,B; C/Pydantic,C0; C2,fraction_0_1,"[0,1]",,
snowpacklimit,nc,na,site,SurfaceProperties,BldgsProperties; BsoilProperties; DectrProperties; EvetrProperties; GrassProperties; NonVegetatedSurfaceProperties; PavedProperties; SurfaceProperties; VegetatedSurfaceProperties; WaterProperties,,CM,,,,
soildepth,soil,na,site,SurfaceProperties,BldgsProperties; BsoilProperties; DectrProperties; EvetrProperties; GrassProperties; NonVegetatedSurfaceProperties; PavedProperties; SurfaceProperties; VegetatedSurfaceProperties; WaterProperties,,CM,,,,Harmonised with groundepth?
soilstorecap,nc,na,site,SurfaceProperties,BldgsProperties; BsoilProperties; DectrProperties; EvetrProperties; GrassProperties; NonVegetatedSurfaceProperties; PavedProperties; SurfaceProperties; VegetatedSurfaceProperties; WaterProperties,,CM,,,,
statelimit,nc,na,site,SurfaceProperties,BldgsProperties; BsoilProperties; DectrProperties; EvetrProperties; GrassProperties; NonVegetatedSurfaceProperties; PavedProperties; SurfaceProperties; VegetatedSurfaceProperties; WaterProperties,,CM,,,,
storedrainprm,nc,na,site,SurfaceProperties,BldgsProperties; BsoilProperties; DectrProperties; EvetrProperties; GrassProperties; NonVegetatedSurfaceProperties; PavedProperties; SurfaceProperties; VegetatedSurfaceProperties; WaterProperties,,CM,,,,
waterdist,nc,na,site,SurfaceProperties,BldgsProperties; BsoilProperties; DectrProperties; EvetrProperties; GrassProperties; NonVegetatedSurfaceProperties; PavedProperties; SurfaceProperties; VegetatedSurfaceProperties; WaterProperties,,CM,,,,
wetthresh,nc,na,site,SurfaceProperties,BldgsProperties; BsoilProperties; DectrProperties; EvetrProperties; GrassProperties; NonVegetatedSurfaceProperties; PavedProperties; SurfaceProperties; VegetatedSurfaceProperties; WaterProperties,,CM,,,,
alb,vegetation_radiation,SUEWS,site,VegetatedSurfaceProperties,DectrProperties; EvetrProperties; GrassProperties; VegetatedSurfaceProperties,C/Pydantic,C0,fraction_0_1,"[0,1]",,vegetation area‑averaged albedo used by the core SUEWS radiation for routines when SPARTACUS is not supplying finer detail
alb_max,vegetation_radiation,SUEWS,site,VegetatedSurfaceProperties,DectrProperties; EvetrProperties; GrassProperties; VegetatedSurfaceProperties,C/Pydantic,C0; C2,fraction_0_1,"[0,1]",,
alb_min,vegetation_radiation,SUEWS,site,VegetatedSurfaceProperties,DectrProperties; EvetrProperties; GrassProperties; VegetatedSurfaceProperties,C/Pydantic,C0; C2,fraction_0_1,"[0,1]",,
alpha_bioco2,carbon,na,site,VegetatedSurfaceProperties,DectrProperties; EvetrProperties; GrassProperties; VegetatedSurfaceProperties,B,C2,,,,
alpha_enh_bioco2,carbon,na,site,VegetatedSurfaceProperties,DectrProperties; EvetrProperties; GrassProperties; VegetatedSurfaceProperties,B,C2,,,,
beta_bioco2,carbon,na,site,VegetatedSurfaceProperties,DectrProperties; EvetrProperties; GrassProperties; VegetatedSurfaceProperties,B,C2,,,,
beta_enh_bioco2,carbon,na,site,VegetatedSurfaceProperties,DectrProperties; EvetrProperties; GrassProperties; VegetatedSurfaceProperties,B,C2,,,,
ie_a,irrigation,na,site,VegetatedSurfaceProperties,DectrProperties; EvetrProperties; GrassProperties; VegetatedSurfaceProperties,,CM,,,,allow overriding irrigation-related coefficients on a per-surface or per-vegetation-type basis
ie_m,irrigation,na,site,VegetatedSurfaceProperties,DectrProperties; EvetrProperties; GrassProperties; VegetatedSurfaceProperties,,CM,,,,allow overriding irrigation-related coefficients on a per-surface or per-vegetation-type basis
maxconductance,vegetation_conductance,na,site,VegetatedSurfaceProperties,DectrProperties; EvetrProperties; GrassProperties; VegetatedSurfaceProperties,,CM,,,,
min_res_bioco2,carbon,na,site,VegetatedSurfaceProperties,DectrProperties; EvetrProperties; GrassProperties; VegetatedSurfaceProperties,B,C2,,,,
resp_a,carbon,na,site,VegetatedSurfaceProperties,DectrProperties; EvetrProperties; GrassProperties; VegetatedSurfaceProperties,,C2,,,,needs to be added to the nullification carbon logic
resp_b,carbon,na,site,VegetatedSurfaceProperties,DectrProperties; EvetrProperties; GrassProperties; VegetatedSurfaceProperties,,C2,,,,needs to be added to the nullification carbon logic
theta_bioco2,carbon,na,site,VegetatedSurfaceProperties,DectrProperties; EvetrProperties; GrassProperties; VegetatedSurfaceProperties,B,C2,,,,
gdd_id,nc,na,site,VegetationParams,VegetationParams,,CM,,,,
ie_a,irrigation,na,site,VegetationParams,VegetationParams,,CM,,,,"global irrigation model coefficients for the whole site (ie_a, ie_m arrays of length 3 for vegetation classes) used by the automatic/manual irrigation calculation"
ie_m,irrigation,na,site,VegetationParams,VegetationParams,,CM,,,,"global irrigation model coefficients for the whole site (ie_a, ie_m arrays of length 3 for vegetation classes) used by the automatic/manual irrigation calculation"
porosity_id,nc,na,site,VegetationParams,VegetationParams,,CM,,,,
sdd_id,nc,na,site,VegetationParams,VegetationParams,,CM,,,,
cdd_accum,nc,na,state,HDD_ID,HDD_ID,,CM,,,,
cdd_daily,nc,na,state,HDD_ID,HDD_ID,,CM,,,,
days_since_rain,initial_condition,na,state,HDD_ID,HDD_ID,,CM,,,,
days_since_rain_accum,initial_condition,na,state,HDD_ID,HDD_ID,,CM,,,,
hdd_accum,nc,na,state,HDD_ID,HDD_ID,,CM,,,,
hdd_daily,nc,na,state,HDD_ID,HDD_ID,,CM,,,,
precip_accum,nc,na,state,HDD_ID,HDD_ID,,CM,,,,
precip_daily_total,nc,na,state,HDD_ID,HDD_ID,,CM,,,,
temp_5day_accum,nc,na,state,HDD_ID,HDD_ID,,CM,,,,
temp_5day_mean,nc,na,state,HDD_ID,HDD_ID,,CM,,,,
temp_accum,nc,na,state,HDD_ID,HDD_ID,,CM,,,,
temp_daily_mean,nc,na,state,HDD_ID,HDD_ID,,CM,,,,
decidcap_id,vegetation_initial_condition,na,state,InitialStateDectr,InitialStateDectr,C/Pydantic,C0,non_negative,>=0,,
porosity_id,vegetation_initial_condition,na,state,InitialStateDectr,InitialStateDectr,C/Pydantic,C0,fraction_0_1,"[0,1]",,
alb_id,vegetation_radiation; vegetation_initial_condition,SUEWS,state,InitialStateVeg,InitialStateDectr; InitialStateEvetr; InitialStateGrass; InitialStateVeg,C/Pydantic,C0,fraction_0_1,"[0,1]",,
gdd_id,vegetation_initial_condition,na,state,InitialStateVeg,InitialStateDectr; InitialStateEvetr; InitialStateGrass; InitialStateVeg,,CM,,,,
lai_id,vegetation_initial_condition,na,state,InitialStateVeg,InitialStateDectr; InitialStateEvetr; InitialStateGrass; InitialStateVeg,B,C2,,,,
sdd_id,vegetation_initial_condition,na,state,InitialStateVeg,InitialStateDectr; InitialStateEvetr; InitialStateGrass; InitialStateVeg,,CM,,,,
wu,nc,na,state,InitialStateVeg,InitialStateDectr; InitialStateEvetr; InitialStateGrass; InitialStateVeg,,CM,,,,
dqndt,nc,na,state,InitialStates,InitialStates,,CM,,,,
dqnsdt,nc,na,state,InitialStates,InitialStates,,CM,,,,
dt_since_start,nc,na,state,InitialStates,InitialStates,,CM,,,,
hdd_id,nc,na,state,InitialStates,InitialStates,,CM,,,,
lenday_id,nc,na,state,InitialStates,InitialStates,,CM,,,,
qn_av,nc,na,state,InitialStates,InitialStates,,CM,,,,
qn_s_av,nc,na,state,InitialStates,InitialStates,,CM,,,,
snowalb,snow_radiation,Snow,state,InitialStates,InitialStates,B; C/Pydantic,C0; C2,fraction_0_1,"[0,1]",,
snowfallcum,nc,na,state,InitialStates,InitialStates,,CM,,,,
tair_av,nc,na,state,InitialStates,InitialStates,,CM,,,,
tmax_id,nc,na,state,InitialStates,InitialStates,,CM,,,,
tmin_id,nc,na,state,InitialStates,InitialStates,,CM,,,,
tstep_prev,nc,na,state,InitialStates,InitialStates,,CM,,,,
icefrac,snow,na,state,SurfaceInitialState,InitialStateBldgs; InitialStateBsoil; InitialStateDectr; InitialStateEvetr; InitialStateGrass; InitialStatePaved; InitialStateVeg; InitialStateWater; SurfaceInitialState,C/Pydantic,C0,fraction_0_1,"[0,1]",,
snowdens,snow,na,state,SurfaceInitialState,InitialStateBldgs; InitialStateBsoil; InitialStateDectr; InitialStateEvetr; InitialStateGrass; InitialStatePaved; InitialStateVeg; InitialStateWater; SurfaceInitialState,C/Pydantic,C0,non_negative,>=0,,
snowfrac,snow,na,state,SurfaceInitialState,InitialStateBldgs; InitialStateBsoil; InitialStateDectr; InitialStateEvetr; InitialStateGrass; InitialStatePaved; InitialStateVeg; InitialStateWater; SurfaceInitialState,C/Pydantic,C0,fraction_0_1,"[0,1]",,
snowpack,snow,na,state,SurfaceInitialState,InitialStateBldgs; InitialStateBsoil; InitialStateDectr; InitialStateEvetr; InitialStateGrass; InitialStatePaved; InitialStateVeg; InitialStateWater; SurfaceInitialState,C/Pydantic,C0,non_negative,>=0,,
snowwater,snow,na,state,SurfaceInitialState,InitialStateBldgs; InitialStateBsoil; InitialStateDectr; InitialStateEvetr; InitialStateGrass; InitialStatePaved; InitialStateVeg; InitialStateWater; SurfaceInitialState,C/Pydantic,C0,non_negative,>=0,,
soilstore,nc,na,state,SurfaceInitialState,InitialStateBldgs; InitialStateBsoil; InitialStateDectr; InitialStateEvetr; InitialStateGrass; InitialStatePaved; InitialStateVeg; InitialStateWater; SurfaceInitialState,C/Pydantic,C1,min_value,>=10,,
state,nc,na,state,SurfaceInitialState,InitialStateBldgs; InitialStateBsoil; InitialStateDectr; InitialStateEvetr; InitialStateGrass; InitialStatePaved; InitialStateVeg; InitialStateWater; SurfaceInitialState,C/Pydantic,C0,non_negative,>=0,,
temperature,building_initial_condition; paved_initial_condition; vegetation_initial_condition; soil_initial_condition; water_initial_condition,na,state,SurfaceInitialState,InitialStateBldgs; InitialStateBsoil; InitialStateDectr; InitialStateEvetr; InitialStateGrass; InitialStatePaved; InitialStateVeg; InitialStateWater; SurfaceInitialState,B; C/Pydantic,C2,,,InitialOutdoorTemperature; tin; tsfc,
tin,building_initial_condition; paved_initial_condition; vegetation_initial_condition; soil_initial_condition; water_initial_condition,na,state,SurfaceInitialState,InitialStateBldgs; InitialStateBsoil; InitialStateDectr; InitialStateEvetr; InitialStateGrass; InitialStatePaved; InitialStateVeg; InitialStateWater; SurfaceInitialState,B,C2,,,InitialOutdoorTemperature; temperature; tsfc,
tsfc,building_initial_condition; paved_initial_condition; vegetation_initial_condition; soil_initial_condition; water_initial_condition,na,state,SurfaceInitialState,InitialStateBldgs; InitialStateBsoil; InitialStateDectr; InitialStateEvetr; InitialStateGrass; InitialStatePaved; InitialStateVeg; InitialStateWater; SurfaceInitialState,B,C2,,,InitialOutdoorTemperature; tin; temperature,
wu_auto,nc,na,state,WaterUse,WaterUse,C/Pydantic,C0,non_negative,>=0,,
wu_manual,nc,na,state,WaterUse,WaterUse,C/Pydantic,C0,non_negative,>=0,,
wu_total,nc,na,state,WaterUse,WaterUse,C/Pydantic,C0,non_negative,>=0,,
bldgh,building_morphology,SUEWS,surface,BldgsProperties,BldgsProperties,C/Pydantic,C0,non_negative,>=0,height; stebbs_Height,
faibldg,building_morphology,SUEWS,surface,BldgsProperties,BldgsProperties,C/Pydantic,C0; C2,non_negative,>=0,,
alb,building_radiation,SPARTACUS,surface,BuildingLayer,BuildingLayer; RoofLayer; WallLayer,C/Pydantic,C0,fraction_0_1,"[0,1]",be sure that it doesn't need consistency with alb of buildings if SS is off,SPARTACUS roofs and walls albedo
emis,building_radiation,SPARTACUS,surface,BuildingLayer,BuildingLayer; RoofLayer; WallLayer,C/Pydantic,C0,fraction_0_1,"[0,1]",,"Per‑roof/wall layer emissivities supplied to the SPARTACUS surface module and used when coupling is enabled, overriding bulk emissivity for detailed top‑of‑canopy radiative transfer."
roof_albedo_dir_mult_fact,building_radiation,SPARTACUS,surface,BuildingLayer,BuildingLayer; RoofLayer; WallLayer,C/Pydantic,C0,non_negative,>=0,,
soilstorecap,nc,na,surface,BuildingLayer,BuildingLayer; RoofLayer; WallLayer,,CM,,,,
statelimit,nc,na,surface,BuildingLayer,BuildingLayer; RoofLayer; WallLayer,,CM,,,,
wall_specular_frac,nc,SPARTACUS,surface,BuildingLayer,BuildingLayer; RoofLayer; WallLayer,,CM,,,,
wetthresh,nc,na,surface,BuildingLayer,BuildingLayer; RoofLayer; WallLayer,,CM,,,,
alb,building_radiation; soil_radiation; paved_radiation; water_radiation,SUEWS,surface,NonVegetatedSurfaceProperties,BldgsProperties; BsoilProperties; NonVegetatedSurfaceProperties; PavedProperties; WaterProperties,C/Pydantic,C0,fraction_0_1,"[0,1]",be sure that it doesn't need consistency with SS if SS is off,non-vegetation area‑averaged albedo used by the core SUEWS radiation routines when SPARTACUS is not supplying finer detail
dz,thermal_property,SPARTACUS,surface,ThermalLayers,VerticalLayers; BuildingLayer; RoofLayer; WallLayer,C/Pydantic,C2,,,must be consistent with dz bldgs thermal layer if DyOHM on?,per‑layer dz arrays (5 layers) SPARTACUS related. Only wall[0] entry is checked when DyOHM (storageheatmethod == 6) is on
dz,thermal_property,na,surface,ThermalLayers,ThermalLayers,,CM,,,must be consistent with dz SPARTACUS vertical layer.thermal layer if DyOHM on?,per‑layer dz arrays (5 layers) feed the thermal/ESTM/EHC/Storage/DyOHM/STEBBS routines that compute heat conduction and storage
k,thermal_property,SPARTACUS,surface,ThermalLayers,VerticalLayers; BuildingLayer; RoofLayer; WallLayer,C/Pydantic,C2,,,must be consistent with k bldgs thermal layer if DyOHM on?,per‑layer k arrays (5 layers) SPARTACUS related. Only wall[0] entry is checked when DyOHM (storageheatmethod == 6) is on
k,thermal_property,na,surface,ThermalLayers,ThermalLayers,,CM,,,must be consistent with k SPARTACUS vertical layer.thermal layer if DyOHM on?,per‑layer k arrays (5 layers) feed the thermal/ESTM/EHC/Storage/DyOHM/STEBBS routines that compute heat conduction and storage
rho_cp,thermal_property,SPARTACUS,surface,ThermalLayers,VerticalLayers; BuildingLayer; RoofLayer; WallLayer,C/Pydantic,C2,,,must be consistent with cp bldgs thermal layer if DyOHM on?,per‑layer cp arrays (5 layers) SPARTACUS related. Only wall[0] entry is checked when DyOHM (storageheatmethod == 6) is on
rho_cp,thermal_property,na,surface,ThermalLayers,ThermalLayers,,CM,,,must be consistent with cp SPARTACUS vertical layer.thermal layer if DyOHM on?,per‑layer cp arrays (5 layers) feed the thermal/ESTM/EHC/Storage/DyOHM/STEBBS routines that compute heat conduction and storage
building_frac,building_morphology,SPARTACUS,surface,VerticalLayers,VerticalLayers,A,C2,,,,
building_scale,building_morphology,SPARTACUS,surface,VerticalLayers,VerticalLayers,A,C2,,,,
height,building_morphology,SPARTACUS,surface,VerticalLayers,VerticalLayers,A,C2,,,bldgh; stebbs_Height,
nlayer,nc,SPARTACUS,surface,VerticalLayers,VerticalLayers,A,C2,,,,
veg_frac,vegetation_morphology,SPARTACUS,surface,VerticalLayers,VerticalLayers,A,C2,,,,
veg_scale,vegetation_morphology,SPARTACUS,surface,VerticalLayers,VerticalLayers,A,C2,,,,
flowchange,nc,na,surface,WaterProperties,WaterProperties,,CM,,,,